datetime,timestamp,price,coin_id,vs_currency,market_cap,volume
2024-07-02 20:00:00,1719964800000,0.4844080973302866,ripple,usd,26944245248.106754,738569647.7524897
2024-07-03 20:00:00,1720051200000,0.46683128830149545,ripple,usd,25991163931.716026,1145837102.1507013
2024-07-04 20:00:00,1720137600000,0.4337163650486699,ripple,usd,24235723137.699135,1550106175.3104813
2024-07-05 20:00:00,1720224000000,0.42539142101390903,ripple,usd,23720339809.70215,2249831548.4483404
2024-07-06 20:00:00,1720310400000,0.44887065803633486,ripple,usd,24994023728.318146,712480871.9112093
2024-07-07 20:00:00,1720396800000,0.4191789178572198,ripple,usd,23301649181.377598,693806813.0762736
2024-07-08 20:00:00,1720483200000,0.4314648922749528,ripple,usd,24039488792.0527,1645728119.4983537
2024-07-09 20:00:00,1720569600000,0.4357682635821839,ripple,usd,24300807518.319637,1021161739.4919188
2024-07-10 20:00:00,1720656000000,0.43888320261057695,ripple,usd,24458409688.453136,1023616778.8551557
2024-07-11 20:00:00,1720742400000,0.4493147618408148,ripple,usd,25030432265.972015,1200462273.2058198
2024-07-12 20:00:00,1720828800000,0.47500366588264975,ripple,usd,26468721333.154728,1708143214.6643667
2024-07-13 20:00:00,1720915200000,0.526839519388817,ripple,usd,29438182786.769802,2976186078.858061
2024-07-14 20:00:00,1721001600000,0.5234292029632325,ripple,usd,29217819449.756477,1532407022.6960382
2024-07-15 20:00:00,1721088000000,0.5376616453581448,ripple,usd,29965552583.371784,1792386347.1365612
2024-07-16 20:00:00,1721174400000,0.5787634815013228,ripple,usd,32265300101.95077,3365824592.3680096
2024-07-17 20:00:00,1721260800000,0.6273851564998204,ripple,usd,35102530730.86112,4234665637.2730927
2024-07-18 20:00:00,1721347200000,0.5692287514689783,ripple,usd,31824985472.369778,2788220012.7058287
2024-07-19 20:00:00,1721433600000,0.5741558232605724,ripple,usd,32077743531.21662,2308007332.073333
2024-07-20 20:00:00,1721520000000,0.595029933937848,ripple,usd,33275930800.02671,1439012022.3069396
2024-07-21 20:00:00,1721606400000,0.5980160389473247,ripple,usd,33432090664.344845,1647735329.5763204
2024-07-22 20:00:00,1721692800000,0.6074321975785351,ripple,usd,33924582950.39692,2296442499.7947035
2024-07-23 20:00:00,1721779200000,0.5981912825646556,ripple,usd,33445842125.35873,1651790888.6761835
2024-07-24 20:00:00,1721865600000,0.6185453553161305,ripple,usd,34619548841.39433,2087303622.9724011
2024-07-25 20:00:00,1721952000000,0.5997679317152131,ripple,usd,33551041246.844196,2413626637.836705
2024-07-26 20:00:00,1722038400000,0.6038043973469951,ripple,usd,33785118967.62283,1478705555.166696
2024-07-27 20:00:00,1722124800000,0.5977718576875165,ripple,usd,33461222350.94947,1128339419.425111
2024-07-28 20:00:00,1722211200000,0.6021780816719867,ripple,usd,33692290472.99312,919421006.0982493
2024-07-29 20:00:00,1722297600000,0.6013541874571906,ripple,usd,33693210425.325813,1215789202.844237
2024-07-30 20:00:00,1722384000000,0.627331702923322,ripple,usd,35106027091.88801,2180451702.8585267
2024-07-31 20:00:00,1722470400000,0.6241359484378766,ripple,usd,34922068515.62188,2437342632.355899
2024-08-01 20:00:00,1722556800000,0.5964948653083605,ripple,usd,33435949522.587425,2106574760.7931805
2024-08-02 20:00:00,1722643200000,0.5608211562625613,ripple,usd,31336203534.75014,1950995786.1091292
2024-08-03 20:00:00,1722729600000,0.5561223750845103,ripple,usd,31148787375.519512,1376747027.6518893
2024-08-04 20:00:00,1722816000000,0.523000237013472,ripple,usd,29353786043.34181,1188979704.3459642
2024-08-05 20:00:00,1722902400000,0.4902573980386893,ripple,usd,27429698169.218105,4475639992.2202215
2024-08-06 20:00:00,1722988800000,0.5045865751146787,ripple,usd,28264677754.315056,1847497499.3279817
2024-08-07 20:00:00,1723075200000,0.6047117740731156,ripple,usd,34080056915.591267,4339719896.699449
2024-08-08 20:00:00,1723161600000,0.6180253163116132,ripple,usd,34614498154.478294,3600078089.7499704
2024-08-09 20:00:00,1723248000000,0.58183869938522,ripple,usd,32602368401.949657,2002417284.908657
2024-08-10 20:00:00,1723334400000,0.5859665998030177,ripple,usd,32874309915.441666,1153241846.3211687
2024-08-11 20:00:00,1723420800000,0.5528843062140291,ripple,usd,30977000852.659336,1196340831.0371697
2024-08-12 20:00:00,1723507200000,0.5686121537491582,ripple,usd,31916231098.98676,1679555366.0561242
2024-08-13 20:00:00,1723593600000,0.5764397935244148,ripple,usd,32334146418.002975,1312864400.606913
2024-08-14 20:00:00,1723680000000,0.568488461134045,ripple,usd,31895125288.160538,1198200169.6454227
2024-08-15 20:00:00,1723766400000,0.5611367072808928,ripple,usd,31487109561.59515,1330753520.6637406
2024-08-16 20:00:00,1723852800000,0.5639502515238202,ripple,usd,31653017057.98766,1051389337.7009846
2024-08-17 20:00:00,1723939200000,0.566181906156675,ripple,usd,31773619165.905563,447792270.1153169
2024-08-18 20:00:00,1724025600000,0.5641402621351506,ripple,usd,31699229123.507595,617194458.1864655
2024-08-19 20:00:00,1724112000000,0.5991141923286195,ripple,usd,33637408468.498966,1755788084.835185
2024-08-20 20:00:00,1724198400000,0.594394755189024,ripple,usd,33333279765.967487,1401494292.4529498
2024-08-21 20:00:00,1724284800000,0.6003970672361606,ripple,usd,33743715595.89921,1278773168.6333387
2024-08-22 20:00:00,1724371200000,0.5976871187626694,ripple,usd,33589114363.11003,1006578176.215835
2024-08-23 20:00:00,1724457600000,0.6102506382532653,ripple,usd,34283938679.53692,1400222917.466907
2024-08-24 20:00:00,1724544000000,0.6139391687850385,ripple,usd,34491160674.30759,1209425430.7483633
2024-08-25 20:00:00,1724630400000,0.5995127578984722,ripple,usd,33680683543.769005,934683774.9393411
2024-08-26 20:00:00,1724716800000,0.5872790171235059,ripple,usd,32999976385.4302,1188834411.2691946
2024-08-27 20:00:00,1724803200000,0.5670252246535126,ripple,usd,31857488696.739094,1648249019.2532597
2024-08-28 20:00:00,1724889600000,0.5696993284601568,ripple,usd,32069384452.160854,1500729830.1107528
2024-08-29 20:00:00,1724976000000,0.561506372583823,ripple,usd,31585196062.886494,1064481734.9849228
2024-08-30 20:00:00,1725062400000,0.5673490796111339,ripple,usd,31919312705.246872,1204954666.5125787
2024-08-31 20:00:00,1725148800000,0.5658008208842239,ripple,usd,31833847986.957657,459737907.0343127
2024-09-01 20:00:00,1725235200000,0.5482578347068274,ripple,usd,30827802335.402847,703228575.3986151
2024-09-02 20:00:00,1725321600000,0.5671557310315145,ripple,usd,31895124484.312572,935981359.5257839
2024-09-03 20:00:00,1725408000000,0.5574298894520976,ripple,usd,31460288618.283867,948169272.4189343
2024-09-04 20:00:00,1725494400000,0.5579234385989325,ripple,usd,31353043205.675346,1303738904.947038
2024-09-05 20:00:00,1725580800000,0.5441098914201123,ripple,usd,30607113388.506454,1036536574.2933264
2024-09-06 20:00:00,1725667200000,0.5213130558804894,ripple,usd,29371557075.01245,1723136656.842356
2024-09-07 20:00:00,1725753600000,0.5247980291815724,ripple,usd,29548526637.092266,587212770.4091364
2024-09-08 20:00:00,1725840000000,0.5285291709201617,ripple,usd,29774154782.962955,521287660.7729989
2024-09-09 20:00:00,1725926400000,0.5396089614101646,ripple,usd,30395333618.446358,904225267.2384489
2024-09-10 20:00:00,1726012800000,0.5409989520278039,ripple,usd,30471929007.34304,785524580.6774228
2024-09-11 20:00:00,1726099200000,0.5355035586141155,ripple,usd,30175701058.586052,1003832742.0187716
2024-09-12 20:00:00,1726185600000,0.5625110835184267,ripple,usd,31713263515.45175,1755892728.7051384
2024-09-13 20:00:00,1726272000000,0.5731586762437418,ripple,usd,32316749262.834507,1315658124.0994296
2024-09-14 20:00:00,1726358400000,0.5963129007980363,ripple,usd,33606464240.420605,1221362269.0817983
2024-09-15 20:00:00,1726444800000,0.5710582563848365,ripple,usd,32178771098.00021,727164005.125297
2024-09-16 20:00:00,1726531200000,0.5855052549961755,ripple,usd,33045852897.93933,1373012324.854466
2024-09-17 20:00:00,1726617600000,0.5849889783458981,ripple,usd,32985201750.25279,1080504462.4947681
2024-09-18 20:00:00,1726704000000,0.5854354281725553,ripple,usd,32970524763.027065,1301476892.0261323
2024-09-19 20:00:00,1726790400000,0.5874083871859748,ripple,usd,33147629638.33711,1303901084.522276
2024-09-20 20:00:00,1726876800000,0.5849389522523643,ripple,usd,33011549162.039215,1403359787.9714298
2024-09-21 20:00:00,1726963200000,0.5979982229214985,ripple,usd,33764665008.627327,1078170702.8553727
2024-09-22 20:00:00,1727049600000,0.5879476818374326,ripple,usd,33168320660.640076,992887707.356122
2024-09-23 20:00:00,1727136000000,0.585063893554206,ripple,usd,33022282573.37144,1121279489.7439432
2024-09-24 20:00:00,1727222400000,0.5914408518035444,ripple,usd,33380934130.37941,1227141705.7935853
2024-09-25 20:00:00,1727308800000,0.5838949675172452,ripple,usd,32965388380.210888,1184864675.7010186
2024-09-26 20:00:00,1727395200000,0.590001948405351,ripple,usd,33338294387.037434,1320296148.7263632
2024-09-27 20:00:00,1727481600000,0.5891149844820397,ripple,usd,33329346797.44249,1401603759.7256885
2024-09-28 20:00:00,1727568000000,0.6150093639492326,ripple,usd,34786926383.63196,2770313435.4847174
2024-09-29 20:00:00,1727654400000,0.6425919277698904,ripple,usd,36340530782.95552,2594472533.021398
2024-09-30 20:00:00,1727740800000,0.6119339379239672,ripple,usd,34688823292.79782,2572233994.51974
2024-10-01 20:00:00,1727827200000,0.5974675047314544,ripple,usd,33843017507.639935,3132237056.7574463
2024-10-02 20:00:00,1727913600000,0.5388310673967639,ripple,usd,30482283203.95177,2854956361.2907157
2024-10-03 20:00:00,1728000000000,0.5216590897682057,ripple,usd,29492016906.451572,2514792835.7085347
2024-10-04 20:00:00,1728086400000,0.5347464951856385,ripple,usd,30241736953.735302,1756699967.6584756
2024-10-05 20:00:00,1728172800000,0.529571423116506,ripple,usd,29950127382.310875,704787690.747097
2024-10-06 20:00:00,1728259200000,0.5331799843165047,ripple,usd,30163957726.921448,661126866.850374
2024-10-07 20:00:00,1728345600000,0.5298164990025274,ripple,usd,29991350948.888397,1457223446.3666434
2024-10-08 20:00:00,1728432000000,0.5304632864784646,ripple,usd,30047537648.119553,981211616.0414958
2024-10-09 20:00:00,1728518400000,0.5241586802763855,ripple,usd,29716396937.686356,988344201.3982462
2024-10-10 20:00:00,1728604800000,0.5296651744741632,ripple,usd,29991523628.326267,1432557077.6123195
2024-10-11 20:00:00,1728691200000,0.5383034205225485,ripple,usd,30490054705.50027,1190815208.1062524
2024-10-12 20:00:00,1728777600000,0.5395284850689778,ripple,usd,30564659258.72339,645446626.8989004
2024-10-13 20:00:00,1728864000000,0.5316807964040682,ripple,usd,30100697508.467445,722573856.9859535
2024-10-14 20:00:00,1728950400000,0.5476009966197044,ripple,usd,31002265585.27816,1242900975.6585948
2024-10-15 20:00:00,1729036800000,0.5409632993649031,ripple,usd,30629081825.39223,1367435532.1191251
2024-10-16 20:00:00,1729123200000,0.5479583804429464,ripple,usd,31018277725.845608,1323767637.0882344
2024-10-17 20:00:00,1729209600000,0.5437042949601256,ripple,usd,30820760554.066605,1540201676.826673
2024-10-18 20:00:00,1729296000000,0.5465644502575023,ripple,usd,31001905885.914104,1179631857.7752745
2024-10-19 20:00:00,1729382400000,0.5443283945989427,ripple,usd,30867246079.877224,607926219.2223777
2024-10-20 20:00:00,1729468800000,0.5465831979073458,ripple,usd,30973256934.50095,716137205.8632469
2024-10-21 20:00:00,1729555200000,0.5445056512310072,ripple,usd,30875972291.16193,1687139598.4189222
2024-10-22 20:00:00,1729641600000,0.5335396650481757,ripple,usd,30253863576.152824,1413784341.5111709
2024-10-23 20:00:00,1729728000000,0.5258264655883778,ripple,usd,29817145765.75719,1131889382.0732894
2024-10-24 20:00:00,1729814400000,0.5320282424020402,ripple,usd,30184555551.536434,1105162964.2092311
2024-10-25 20:00:00,1729900800000,0.500895433917532,ripple,usd,28440409038.961575,1539105236.2092319
2024-10-26 20:00:00,1729987200000,0.5124799627206477,ripple,usd,29112702064.221813,746298139.3435653
2024-10-27 20:00:00,1730073600000,0.51635641669338,ripple,usd,29334461123.41089,515723360.5019684
2024-10-28 20:00:00,1730160000000,0.5191002715669417,ripple,usd,29485957976.542343,883022544.7410569
2024-10-29 20:00:00,1730246400000,0.528517656350638,ripple,usd,29961006346.77696,1258508083.114544
2024-10-30 20:00:00,1730332800000,0.5226520345867254,ripple,usd,29701886227.67498,981528954.6185482
2024-10-31 20:00:00,1730419200000,0.5091122552105335,ripple,usd,28963392418.661438,1131354676.4350793
2024-11-01 20:00:00,1730505600000,0.5131424762844533,ripple,usd,29166533751.235336,1355947931.230893
2024-11-02 20:00:00,1730592000000,0.5097643435439516,ripple,usd,28985111559.766685,498091504.1066253
2024-11-03 19:00:00,1730678400000,0.5030000429314513,ripple,usd,28618008472.118652,949812735.3091639
2024-11-04 19:00:00,1730764800000,0.5028741495746917,ripple,usd,28588507586.622833,1127632654.5137217
2024-11-05 19:00:00,1730851200000,0.5128033591125852,ripple,usd,29164852946.820103,1210224258.0575829
2024-11-06 19:00:00,1730937600000,0.5424824356184882,ripple,usd,30863600008.502956,2317119597.7454667
2024-11-07 19:00:00,1731024000000,0.5543554525216197,ripple,usd,31525433833.759197,2234023598.9642086
2024-11-08 19:00:00,1731110400000,0.5540941347726905,ripple,usd,31512175151.99012,1737713572.24308
2024-11-09 19:00:00,1731196800000,0.5574298820177034,ripple,usd,31836113890.61354,1440484763.4288023
2024-11-10 19:00:00,1731283200000,0.5894389337521334,ripple,usd,33489525846.208927,4261955471.851764
2024-11-11 19:00:00,1731369600000,0.6193846945256621,ripple,usd,35253524705.02781,4422503003.126635
2024-11-12 19:00:00,1731456000000,0.7125696384831737,ripple,usd,40525483376.80065,12912751557.030237
2024-11-13 19:00:00,1731542400000,0.6911785818007724,ripple,usd,39323944238.49297,7120857884.644116
2024-11-14 19:00:00,1731628800000,0.7740480569596668,ripple,usd,43890734442.8388,10551122422.101799
2024-11-15 19:00:00,1731715200000,0.8907551084456163,ripple,usd,50684897337.31935,13116899767.153698
2024-11-16 19:00:00,1731801600000,1.1228963632747573,ripple,usd,63977542700.94049,25751173599.94672
2024-11-17 19:00:00,1731888000000,1.0602237280952598,ripple,usd,60359853822.81238,13225025169.216898
2024-11-18 19:00:00,1731974400000,1.1193660942144246,ripple,usd,63688503912.77327,10836262760.734638
2024-11-19 19:00:00,1732060800000,1.1012126123074732,ripple,usd,62700374445.7609,5476363653.953676
2024-11-20 19:00:00,1732147200000,1.107063129231089,ripple,usd,63050379292.97722,7141998955.816309
2024-11-21 19:00:00,1732233600000,1.2323909552423495,ripple,usd,69932142127.89014,11144862558.116425
2024-11-22 19:00:00,1732320000000,1.4608507832127549,ripple,usd,83112386522.4217,17433244692.12234
2024-11-23 19:00:00,1732406400000,1.4647330527827664,ripple,usd,83300744233.09833,17125117613.056425
2024-11-24 19:00:00,1732492800000,1.4316792853395408,ripple,usd,81614292718.7067,13367222473.504513
2024-11-25 19:00:00,1732579200000,1.413864313999175,ripple,usd,80506265953.6803,12629382786.491205
2024-11-26 19:00:00,1732665600000,1.3995450660087485,ripple,usd,79759951140.23747,10442232771.880827
2024-11-27 19:00:00,1732752000000,1.4723732146032762,ripple,usd,83883091379.35777,8681413551.471949
2024-11-28 19:00:00,1732838400000,1.5321753824792639,ripple,usd,87107084090.89493,6394089240.385964
2024-11-29 19:00:00,1732924800000,1.8089606822663937,ripple,usd,103191548907.76518,14120989557.306025
2024-11-30 19:00:00,1733011200000,1.9394127481300492,ripple,usd,110604358349.34161,18118226774.28636
2024-12-01 19:00:00,1733097600000,2.286339588570724,ripple,usd,130208395250.7976,18435365983.17054
2024-12-02 19:00:00,1733184000000,2.7088474745217135,ripple,usd,154571837988.4362,53820003124.51403
2024-12-03 19:00:00,1733270400000,2.5319240970814882,ripple,usd,144192803084.12503,37957094663.228096
2024-12-04 19:00:00,1733356800000,2.3476333135494314,ripple,usd,133851646266.63329,24079777836.582573
2024-12-05 19:00:00,1733443200000,2.254523485462072,ripple,usd,128679678709.415,22923661364.318054
2024-12-06 19:00:00,1733529600000,2.4172260514832065,ripple,usd,137876201991.56064,12689093602.056667
2024-12-07 19:00:00,1733616000000,2.5927269695998327,ripple,usd,148089387443.7888,13898192078.521193
2024-12-08 19:00:00,1733702400000,2.6181421664576834,ripple,usd,149556382944.37164,10399952121.56792
2024-12-09 19:00:00,1733788800000,2.2158470487122726,ripple,usd,126541301099.97853,20516080397.568897
2024-12-10 19:00:00,1733875200000,2.353484807585262,ripple,usd,134366804425.19778,29173861101.339516
2024-12-11 19:00:00,1733961600000,2.4008764282936887,ripple,usd,137137516260.63844,15899075206.770046
2024-12-12 19:00:00,1734048000000,2.342883102571944,ripple,usd,134039705285.1272,11764450479.740368
2024-12-13 19:00:00,1734134400000,2.420254114567228,ripple,usd,138341252309.82007,10210708750.872633
2024-12-14 19:00:00,1734220800000,2.3977637797048517,ripple,usd,137201303559.24551,8261437423.651819
2024-12-15 19:00:00,1734307200000,2.4558394900030756,ripple,usd,140694946111.10138,6560100595.864213
2024-12-16 19:00:00,1734393600000,2.4936338652184777,ripple,usd,142688879208.51086,13981664984.767004
2024-12-17 19:00:00,1734480000000,2.5561912510090092,ripple,usd,146207554966.0596,14678437514.774538
2024-12-18 19:00:00,1734566400000,2.2976668809594236,ripple,usd,131273275335.39302,19736815651.813995
2024-12-19 19:00:00,1734652800000,2.255279457563669,ripple,usd,129714340650.10556,21062431962.10383
2024-12-20 19:00:00,1734739200000,2.273996883525255,ripple,usd,129981103119.06401,24697654647.91057
2024-12-21 19:00:00,1734825600000,2.236596962769888,ripple,usd,127675851842.47113,13839484154.079449
2024-12-22 19:00:00,1734912000000,2.1983060900755347,ripple,usd,126002620224.90738,10514832661.665255
2024-12-23 19:00:00,1734998400000,2.2548840492056637,ripple,usd,129118625050.65549,9514499269.525232
2024-12-24 19:00:00,1735084800000,2.3273593261078007,ripple,usd,133008444957.98181,5432535821.124748
2024-12-25 19:00:00,1735171200000,2.2971897897775637,ripple,usd,131574173973.22885,3322151976.469681
2024-12-26 19:00:00,1735257600000,2.154071423410433,ripple,usd,123818838011.45384,4873873373.23111
2024-12-27 19:00:00,1735344000000,2.14158677198617,ripple,usd,122935306457.48709,4902016228.946082
2024-12-28 19:00:00,1735430400000,2.180869510101245,ripple,usd,125229822421.2995,2525595970.0449395
2024-12-29 19:00:00,1735516800000,2.095671915727654,ripple,usd,120314515334.02428,2675953522.389836
2024-12-30 19:00:00,1735603200000,2.056730467743344,ripple,usd,117950842451.00076,6059015353.124691
2024-12-31 19:00:00,1735689600000,2.079333460354608,ripple,usd,119440097047.7968,4128284760.622494
2025-01-01 19:00:00,1735776000000,2.315149796797427,ripple,usd,132989230251.90656,6878704641.749808
2025-01-02 19:00:00,1735862400000,2.40463192614464,ripple,usd,138114900580.5372,7459376387.38519
2025-01-03 19:00:00,1735948800000,2.4548598712183725,ripple,usd,140904684872.33817,5864224741.784014
2025-01-04 19:00:00,1736035200000,2.4239342995923985,ripple,usd,139171492627.42844,4561813417.310058
2025-01-05 19:00:00,1736121600000,2.403897929295378,ripple,usd,138016718840.73596,4325348371.227318
2025-01-06 19:00:00,1736208000000,2.4191703139906173,ripple,usd,138948192568.01584,4601519396.54358
2025-01-07 19:00:00,1736294400000,2.277173382256464,ripple,usd,130820594444.53995,6652119689.816548
2025-01-08 19:00:00,1736380800000,2.3749601881392275,ripple,usd,136415155142.45451,7697257372.31326
2025-01-09 19:00:00,1736467200000,2.2766790697699415,ripple,usd,131013170943.18855,5639756658.075597
2025-01-10 19:00:00,1736553600000,2.34255697398572,ripple,usd,134623347999.18698,4846732925.585662
2025-01-11 19:00:00,1736640000000,2.5750017025465097,ripple,usd,148073207239.45142,6968218335.110517
2025-01-12 19:00:00,1736726400000,2.506265236852104,ripple,usd,143972439143.77383,4880658835.456561
2025-01-13 19:00:00,1736812800000,2.521790688596697,ripple,usd,144973001160.1348,9352507594.244612
2025-01-14 19:00:00,1736899200000,2.665683799958985,ripple,usd,153183275031.40637,7423364604.740665
2025-01-15 19:00:00,1736985600000,3.1717669545860816,ripple,usd,182346998821.3068,23417331296.55123
2025-01-16 19:00:00,1737072000000,3.2435591355149156,ripple,usd,186758698075.1875,24889336467.66615
2025-01-17 19:00:00,1737158400000,3.3071606262102122,ripple,usd,190386076856.00772,13491956428.691526
2025-01-18 19:00:00,1737244800000,3.2791397325625398,ripple,usd,188798080040.87268,10204987556.110008
2025-01-19 19:00:00,1737331200000,2.9594983276278826,ripple,usd,171067792033.8191,13089511624.10229
2025-01-20 19:00:00,1737417600000,3.0942466604471988,ripple,usd,178304533111.39474,18183898272.877342
2025-01-21 19:00:00,1737504000000,3.17189708695212,ripple,usd,182080583719.03888,9483639114.30823
2025-01-22 19:00:00,1737590400000,3.165211637985352,ripple,usd,182211918798.90054,7359947674.323075
2025-01-23 19:00:00,1737676800000,3.1221750787983638,ripple,usd,179846211928.48206,7860588482.871526
2025-01-24 19:00:00,1737763200000,3.1030936929352904,ripple,usd,178687952164.23227,6165183598.347699
2025-01-25 19:00:00,1737849600000,3.1112088914665423,ripple,usd,179333230200.2371,3013156759.4045396
2025-01-26 19:00:00,1737936000000,3.0173114670832017,ripple,usd,174315205302.41763,3093938754.203019
2025-01-27 19:00:00,1738022400000,3.050802421938607,ripple,usd,175549811985.1664,14811833894.587118
2025-01-28 19:00:00,1738108800000,3.0611147556516607,ripple,usd,176293961831.06848,8515976594.593953
2025-01-29 19:00:00,1738195200000,3.0691756838533526,ripple,usd,177065119441.67078,6362709455.940402
2025-01-30 19:00:00,1738281600000,3.1319365812312867,ripple,usd,180743899111.4196,4444654575.269272
2025-01-31 19:00:00,1738368000000,3.0378089439522897,ripple,usd,175326105898.6084,4079932391.7375703
2025-02-01 19:00:00,1738454400000,2.8808649918084224,ripple,usd,166457043070.02295,4285675849.353482
2025-02-02 19:00:00,1738540800000,2.5701343337873217,ripple,usd,147851780048.77136,13660382309.418026
2025-02-03 19:00:00,1738627200000,2.692671869551836,ripple,usd,155372328311.50732,31670736568.02988
2025-02-04 19:00:00,1738713600000,2.5396358959727894,ripple,usd,146391101372.16553,12051077026.669235
2025-02-05 19:00:00,1738800000000,2.382739358632423,ripple,usd,137388137146.75491,6660157683.363499
2025-02-06 19:00:00,1738886400000,2.3220918869431886,ripple,usd,134102194064.824,6304942916.816331
2025-02-07 19:00:00,1738972800000,2.392435922501591,ripple,usd,137991646571.74292,7913782642.824578
2025-02-08 19:00:00,1739059200000,2.4256391631678023,ripple,usd,140105845431.88702,3450039945.4201026
2025-02-09 19:00:00,1739145600000,2.3984218500627317,ripple,usd,138409786399.36917,4110259067.581117
2025-02-10 19:00:00,1739232000000,2.4205102148292257,ripple,usd,139801386331.32983,4147958037.3114934
2025-02-11 19:00:00,1739318400000,2.415999707081464,ripple,usd,139710665798.44403,4814243274.422465
2025-02-12 19:00:00,1739404800000,2.471858085297504,ripple,usd,142635962453.91898,4845109298.913685
2025-02-13 19:00:00,1739491200000,2.5469915483007073,ripple,usd,147228408835.623,4437008065.063592
2025-02-14 19:00:00,1739577600000,2.7396888464817004,ripple,usd,158349869676.88498,7692468675.335378
2025-02-15 19:00:00,1739664000000,2.761982091436805,ripple,usd,159697712640.8593,3946216492.011967
2025-02-16 19:00:00,1739750400000,2.7251894289423855,ripple,usd,157590298702.77087,2966410173.436753
2025-02-17 19:00:00,1739836800000,2.657177556541445,ripple,usd,153528550403.44104,4243544437.8198156
2025-02-18 19:00:00,1739923200000,2.5598643991689105,ripple,usd,147965082000.5594,4627790087.108664
2025-02-19 19:00:00,1740009600000,2.735199200390807,ripple,usd,158268061805.8835,4421689360.016513
2025-02-20 19:00:00,1740096000000,2.692229831317779,ripple,usd,155803376373.91476,3770413761.6316905
2025-02-21 19:00:00,1740182400000,2.5717797656907977,ripple,usd,148872353458.57578,5146660908.7574835
2025-02-22 19:00:00,1740268800000,2.575864230459674,ripple,usd,149186293144.36478,2039899166.1574712
2025-02-23 19:00:00,1740355200000,2.5798851271909053,ripple,usd,149332625214.34015,2072248429.8119543
2025-02-24 19:00:00,1740441600000,2.276184020826259,ripple,usd,131520287326.65497,7132791349.200123
2025-02-25 19:00:00,1740528000000,2.3223450440589835,ripple,usd,134627197923.42966,11111605787.309338
2025-02-26 19:00:00,1740614400000,2.189561722001525,ripple,usd,126766064785.14323,5936591863.896251
2025-02-27 19:00:00,1740700800000,2.198289525306682,ripple,usd,127370369245.55621,4202173606.0705705
2025-02-28 19:00:00,1740787200000,2.1465990447641925,ripple,usd,124392769084.65245,7266804533.901892
2025-03-01 19:00:00,1740873600000,2.1894731626978965,ripple,usd,126879303287.73642,2722347817.663738
2025-03-02 19:00:00,1740960000000,2.9400745785854188,ripple,usd,169870381405.5461,14741402315.716309
2025-03-03 19:00:00,1741046400000,2.388920229250619,ripple,usd,138435194914.58316,12094018756.991077
2025-03-04 19:00:00,1741132800000,2.457837324155463,ripple,usd,142402404085.68878,9500571374.26868
2025-03-05 19:00:00,1741219200000,2.499863067769013,ripple,usd,144939887560.6096,5198767002.65725
2025-03-06 19:00:00,1741305600000,2.5997307467157778,ripple,usd,150505175945.87762,5916822614.47232
2025-03-07 19:00:00,1741392000000,2.380727791456965,ripple,usd,138185297003.6274,8328229777.709091
2025-03-08 19:00:00,1741478400000,2.3242332249590425,ripple,usd,134862079473.84915,3009552907.467017
2025-03-09 20:00:00,1741564800000,2.1362635270101267,ripple,usd,124005386868.27167,5104105960.491239
2025-03-10 20:00:00,1741651200000,2.029057833175655,ripple,usd,118387557436.81892,6907399289.102193
2025-03-11 20:00:00,1741737600000,2.169350707525431,ripple,usd,125957593301.54716,6722860049.514889
2025-03-12 20:00:00,1741824000000,2.2417249293681443,ripple,usd,129987896211.968,5394933491.485324
2025-03-13 20:00:00,1741910400000,2.2504187411894,ripple,usd,130684530591.66603,4700482638.06465
2025-03-14 20:00:00,1741996800000,2.3564128660327603,ripple,usd,136928855738.28758,3738755688.1164246
2025-03-15 20:00:00,1742083200000,2.392285579817487,ripple,usd,138962507103.3046,2903593748.7332563
2025-03-16 20:00:00,1742169600000,2.3009096388651695,ripple,usd,133729450717.8674,3149719385.5106583
2025-03-17 20:00:00,1742256000000,2.3408005213311123,ripple,usd,136034346384.5807,2955610989.2377267
2025-03-18 20:00:00,1742342400000,2.2893484606821164,ripple,usd,133056596229.87404,2950644595.364279
2025-03-19 20:00:00,1742428800000,2.5520572493716633,ripple,usd,148446009880.021,9834502912.85249
2025-03-20 20:00:00,1742515200000,2.4346891248225995,ripple,usd,141749550828.59042,4258912106.63044
2025-03-21 20:00:00,1742601600000,2.381259233831182,ripple,usd,138510356756.64886,3380818952.23797
2025-03-22 20:00:00,1742688000000,2.3671814913704625,ripple,usd,137633684733.8346,1482324406.8968267
2025-03-23 20:00:00,1742774400000,2.4358937819105337,ripple,usd,141666982426.27832,2036803299.3463094
2025-03-24 20:00:00,1742860800000,2.4467862393977193,ripple,usd,142182563236.7044,3267297475.9622283
2025-03-25 20:00:00,1742947200000,2.4520786954901945,ripple,usd,142530870243.74066,2336452138.4735017
2025-03-26 20:00:00,1743033600000,2.349686594688749,ripple,usd,136740698537.37582,2854543228.9574385
2025-03-27 20:00:00,1743120000000,2.339530083958925,ripple,usd,136083790198.2617,2422690506.5141454
2025-03-28 20:00:00,1743206400000,2.2038347130132383,ripple,usd,128190870625.22104,3837465479.151629
2025-03-29 20:00:00,1743292800000,2.1388622985209467,ripple,usd,124469293101.58473,3354267610.3426833
2025-03-30 20:00:00,1743379200000,2.135945706762188,ripple,usd,124324478160.5522,2477465471.988889
2025-03-31 20:00:00,1743465600000,2.0905159571547878,ripple,usd,121557920573.70189,3972610740.3424234
2025-04-01 20:00:00,1743552000000,2.140991043686336,ripple,usd,124525644957.65971,3641319247.188034
2025-04-02 20:00:00,1743638400000,2.030360837075233,ripple,usd,118295307955.43494,5271112203.164092
2025-04-03 20:00:00,1743724800000,2.0641704630367608,ripple,usd,120421038483.8677,4928791386.955327
2025-04-04 20:00:00,1743811200000,2.1277037304012105,ripple,usd,123967383174.98845,4939434201.608915
2025-04-05 20:00:00,1743897600000,2.148561695180789,ripple,usd,124960176668.53568,1897079007.2541249
2025-04-06 20:00:00,1743984000000,1.9232068608073252,ripple,usd,112137731756.69206,5107597669.95859
2025-04-07 20:00:00,1744070400000,1.8972731944488423,ripple,usd,111374044255.21884,11995374383.503767
2025-04-08 20:00:00,1744156800000,1.791941720267648,ripple,usd,104372568049.6828,5812951206.534424
2025-04-09 20:00:00,1744243200000,2.0504426400353335,ripple,usd,119481580828.56442,8269048094.879033
2025-04-10 20:00:00,1744329600000,1.96981883924698,ripple,usd,114817594408.03955,3847540778.0903244
2025-04-11 20:00:00,1744416000000,2.0237864771088336,ripple,usd,118009313254.15909,2990956512.0131035
2025-04-12 20:00:00,1744502400000,2.156688589695265,ripple,usd,125823708133.3325,2972887951.415155
2025-04-13 20:00:00,1744588800000,2.118179146058531,ripple,usd,123493869513.43184,3631412098.056245
2025-04-14 20:00:00,1744675200000,2.127444298086899,ripple,usd,124110719906.46971,2865825696.824176
2025-04-15 20:00:00,1744761600000,2.087166740701441,ripple,usd,121753153315.34601,2529137788.826132
2025-04-16 20:00:00,1744848000000,2.0835198434155506,ripple,usd,121582974416.46419,2975625490.375688
2025-04-17 20:00:00,1744934400000,2.0677436115822867,ripple,usd,120634755808.2574,2069087395.311297
2025-04-18 20:00:00,1745020800000,2.062691684044618,ripple,usd,120498813069.50467,1528702114.8309712
2025-04-19 20:00:00,1745107200000,2.0855273823856817,ripple,usd,121758359729.22354,1198082570.278999
2025-04-20 20:00:00,1745193600000,2.0747196454629124,ripple,usd,121133082660.90799,1454273605.4356875
2025-04-21 20:00:00,1745280000000,2.0806696781556395,ripple,usd,121475020267.02992,2357222891.83461
2025-04-22 20:00:00,1745366400000,2.221159426695198,ripple,usd,129738952495.80452,4117163104.17999
2025-04-23 20:00:00,1745452800000,2.217823599038466,ripple,usd,129639794259.17175,4996062046.359891
2025-04-24 20:00:00,1745539200000,2.206600349886956,ripple,usd,128910293391.45277,4208930304.223753
2025-04-25 20:00:00,1745625600000,2.1852873809524738,ripple,usd,127618810209.93896,3234722208.502314
2025-04-26 20:00:00,1745712000000,2.1932493737799863,ripple,usd,128211658278.5239,2459783783.285445
2025-04-27 20:00:00,1745798400000,2.2566771719971905,ripple,usd,131895374150.1833,3751692488.2109566
2025-04-28 20:00:00,1745884800000,2.2959679622378415,ripple,usd,134250948391.53383,4072974943.4389
2025-04-29 20:00:00,1745971200000,2.2399407863578777,ripple,usd,130723771364.09366,2489793878.0180745
2025-04-30 20:00:00,1746057600000,2.1934727928877984,ripple,usd,128224503927.07297,3252726421.623423
2025-05-01 20:00:00,1746144000000,2.2143085222346612,ripple,usd,129560735707.48988,2155611895.0543213
2025-05-02 20:00:00,1746230400000,2.2089170454344824,ripple,usd,129205378828.50716,1739910937.9821632
2025-05-03 20:00:00,1746316800000,2.188707355411367,ripple,usd,128054986434.6052,1214767487.7877498
2025-05-04 20:00:00,1746403200000,2.1580623583353407,ripple,usd,126191990501.91487,1372805879.5778592
2025-05-05 20:00:00,1746489600000,2.1371617409153263,ripple,usd,125040025715.65521,2194829695.4970164
2025-05-06 20:00:00,1746576000000,2.1553467775958843,ripple,usd,126104946148.98138,2048616981.3491316
2025-05-07 20:00:00,1746662400000,2.1289110212370352,ripple,usd,124559831965.93013,3559099566.438218
2025-05-08 20:00:00,1746748800000,2.318857034757937,ripple,usd,135698075505.87671,4731256282.308641
2025-05-09 20:00:00,1746835200000,2.34260418658349,ripple,usd,137157723819.54608,6008731144.741504
2025-05-10 20:00:00,1746921600000,2.465515991652043,ripple,usd,144193513526.4072,4343182682.254746
2025-05-11 20:00:00,1747008000000,2.3665185406774456,ripple,usd,138618419781.15787,3957902320.317386
2025-05-12 20:00:00,1747094400000,2.5407166812994824,ripple,usd,148849179940.72635,10787624520.70423
2025-05-13 20:00:00,1747180800000,2.5882656119238727,ripple,usd,151577986548.9196,6137110174.707251
2025-05-14 20:00:00,1747267200000,2.552660064054796,ripple,usd,149428679555.88635,4956660171.954109
2025-05-15 20:00:00,1747353600000,2.3780203600308965,ripple,usd,139404660869.70312,5285627666.563696
2025-05-16 20:00:00,1747440000000,2.387491166631724,ripple,usd,139986244266.36224,3668091279.885704
2025-05-17 20:00:00,1747526400000,2.352615765613394,ripple,usd,137901408638.97586,2378581122.524433
2025-05-18 20:00:00,1747612800000,2.4178990437197814,ripple,usd,141620424382.77466,2871045382.6763167
2025-05-19 20:00:00,1747699200000,2.3808727609208282,ripple,usd,139572032487.0291,3326769717.093891
2025-05-20 20:00:00,1747785600000,2.356578233921423,ripple,usd,138242427979.4986,2736702822.998838
2025-05-21 20:00:00,1747872000000,2.4028996266349396,ripple,usd,141104708088.64645,3857208347.067667
2025-05-22 20:00:00,1747958400000,2.4284164339274192,ripple,usd,142497452230.75037,3423292472.9337497
2025-05-23 20:00:00,1748044800000,2.2991928362328755,ripple,usd,135209260273.52768,3803614983.5157166
2025-05-24 20:00:00,1748131200000,2.3319094660057416,ripple,usd,136856085709.11539,1372961335.2188973
2025-05-25 20:00:00,1748217600000,2.3405861862412927,ripple,usd,137358561276.94505,1905275005.1451297
2025-05-26 20:00:00,1748304000000,2.3082922649115565,ripple,usd,135464456690.66678,1661784737.5361876
2025-05-27 20:00:00,1748390400000,2.3186677687774426,ripple,usd,136063470027.7747,2048276738.5749948
2025-05-28 20:00:00,1748476800000,2.2746048552552507,ripple,usd,133537852092.5528,2074053702.379202
2025-05-29 20:00:00,1748563200000,2.2505538163676135,ripple,usd,132132467347.38953,2179459280.652964
2025-05-30 20:00:00,1748649600000,2.1423194738068942,ripple,usd,125892164966.56429,3372833929.9944954
2025-05-31 20:00:00,1748736000000,2.177000081626197,ripple,usd,127925904411.56554,2268132685.3159456
2025-06-01 20:00:00,1748822400000,2.1802830722675224,ripple,usd,128150107940.42342,1521954083.381058
2025-06-02 20:00:00,1748908800000,2.2004265864927537,ripple,usd,129301420887.84296,1856646284.2520795
2025-06-03 20:00:00,1748995200000,2.2486280245071963,ripple,usd,132150735303.62874,2193921747.996483
2025-06-04 20:00:00,1749081600000,2.202322198067478,ripple,usd,129408473711.78876,1714810311.215842
2025-06-05 20:00:00,1749168000000,2.0970164299223453,ripple,usd,123342049733.6962,2893388349.562232
2025-06-06 20:00:00,1749254400000,2.163852346114403,ripple,usd,127281615711.7592,1854390911.9791367
2025-06-07 20:00:00,1749340800000,2.1779065492597427,ripple,usd,128119087930.23564,953843043.4304752
2025-06-08 20:00:00,1749427200000,2.2629632981656744,ripple,usd,133080974653.21156,2297445951.3852534
2025-06-09 20:00:00,1749513600000,2.321075765224377,ripple,usd,136535438437.44032,2774696976.06667
2025-06-10 20:00:00,1749600000000,2.305016386019404,ripple,usd,135601731484.23772,2612062557.9833493
2025-06-11 20:00:00,1749686400000,2.2701428874939213,ripple,usd,133437196298.07864,2624047756.9494534
2025-06-12 20:00:00,1749772800000,2.1954298391805,ripple,usd,129189732814.77596,2202653947.4050665
2025-06-13 20:00:00,1749859200000,2.148866270593598,ripple,usd,126534557978.46504,3949716840.388356
2025-06-14 20:00:00,1749945600000,2.141891800480294,ripple,usd,126263429802.95172,1687489656.576244
2025-06-15 20:00:00,1750032000000,2.166318490313782,ripple,usd,127577707973.1105,1231293467.1767986
2025-06-16 20:00:00,1750118400000,2.255537416572947,ripple,usd,133168717149.84471,4466552529.620607
2025-06-17 20:00:00,1750204800000,2.1632317759396993,ripple,usd,127416681908.18704,3466660612.110638
2025-06-18 20:00:00,1750291200000,2.1686830671349613,ripple,usd,127820962755.39302,2350823381.424604
2025-06-19 20:00:00,1750377600000,2.166239439916603,ripple,usd,127674651295.66653,1450568729.9521883
2025-06-20 20:00:00,1750464000000,2.1201128146436803,ripple,usd,124953533243.95668,2098115334.487172
2025-06-21 20:00:00,1750550400000,2.044379922195215,ripple,usd,120411151497.55313,2305504805.382443
2025-06-22 20:00:00,1750636800000,2.013512764553698,ripple,usd,118672394254.47311,4449887424.63551
2025-06-23 20:00:00,1750723200000,2.1640075102022664,ripple,usd,127539548337.53386,4004307867.6364536
2025-06-24 20:00:00,1750809600000,2.1890368617248566,ripple,usd,129018976028.34126,3119419439.9970093
2025-06-25 20:00:00,1750896000000,2.1839169388853152,ripple,usd,128924835580.36104,2234760744.378113
2025-06-26 20:00:00,1750982400000,2.105597069865388,ripple,usd,124230689777.04051,2569634191.4677787
2025-06-27 20:00:00,1751068800000,2.140945561649059,ripple,usd,126287954127.92236,2600100605.537264
2025-06-28 20:00:00,1751155200000,2.185743305637095,ripple,usd,128959095356.2813,1909072124.1732078
2025-06-29 20:00:00,1751241600000,2.2080779439640237,ripple,usd,130291214168.36028,1320178860.3618104
2025-06-30 20:00:00,1751328000000,2.2397868943055363,ripple,usd,132156902495.55835,3688723731.503887
2025-07-01 20:00:00,1751414400000,2.171453605552325,ripple,usd,128126705578.13293,2782662990.9534025
2025-07-02 09:19:17,1751462357000,2.179963616637339,ripple,usd,128650355010.80975,2383767035.855354
